{"cameraMode":{"drawMode":0,"name":"Shaded","section":"Shading Mode"},"sceneLighting":true,"audioPlay":false,"sceneViewState":{"m_AlwaysRefresh":false,"showFog":true,"showSkybox":true,"showFlares":true,"showImageEffects":true,"showParticleSystems":true,"showVisualEffectGraphs":true,"m_FxEnabled":true},"in2DMode":false,"pivot":{"x":7.426429271697998,"y":1.7370326519012452,"z":-5.133145809173584},"rotation":{"x":-0.01833401620388031,"y":0.5093727111816406,"z":-0.010857891291379929,"w":-0.8602687120437622},"size":1.7258704900741578,"orthographic":false}